Province/State,Country/Region,Lat,Long,12/16/20
P.A. Trento,isolamento_domiciliare,0.0,0.0,2338
Lombardia,totale_ospedalizzati,0.0,0.0,5575
Toscana,totale_ospedalizzati,0.0,0.0,1303
Campania,totale_positivi,0.0,0.0,88204
Asti,totale_casi_provincia,0.0,0.0,9158
Veneto,terapia_intensiva,0.0,0.0,347
Cagliari,totale_casi_provincia,0.0,0.0,5894
Valle d'Aosta,ricoverati_con_sintomi,0.0,0.0,67
Friuli Venezia Giulia,isolamento_domiciliare,0.0,0.0,13063
Umbria,tamponi,0.0,0.0,
Veneto,isolamento_domiciliare,0.0,0.0,91180
Abruzzo,totale_ospedalizzati,0.0,0.0,655
Savona,totale_casi_provincia,0.0,0.0,6651
Fermo,totale_casi_provincia,0.0,0.0,4104
Potenza,totale_casi_provincia,0.0,0.0,6049
Veneto,totale_ospedalizzati,0.0,0.0,3045
Sicilia,ricoverati_con_sintomi,0.0,0.0,1188
Venezia,totale_casi_provincia,0.0,0.0,29633
Emilia-Romagna,deceduti,0.0,0.0,6797
Piemonte,totale_casi,0.0,0.0,
Lombardia,totale_positivi,0.0,0.0,69733
Siracusa,totale_casi_provincia,0.0,0.0,4643
P.A. Bolzano,totale_positivi,0.0,0.0,10654
Friuli Venezia Giulia,terapia_intensiva,0.0,0.0,54
Emilia-Romagna,totale_casi,0.0,0.0,
Reggio di Calabria,totale_casi_provincia,0.0,0.0,7419
Lombardia,isolamento_domiciliare,0.0,0.0,64158
Lazio,totale_casi,0.0,0.0,
Firenze,totale_casi_provincia,0.0,0.0,31686
Brindisi,totale_casi_provincia,0.0,0.0,5630
Valle d'Aosta,terapia_intensiva,0.0,0.0,7
Abruzzo,tamponi,0.0,0.0,
Liguria,terapia_intensiva,0.0,0.0,71
P.A. Trento,totale_casi,0.0,0.0,
Piemonte,tamponi,0.0,0.0,
Massa Carrara,totale_casi_provincia,0.0,0.0,7300
Lecco,totale_casi_provincia,0.0,0.0,12431
Verona,totale_casi_provincia,0.0,0.0,38916
Valle d'Aosta,tamponi,0.0,0.0,
Toscana,deceduti,0.0,0.0,3285
Liguria,totale_ospedalizzati,0.0,0.0,826
Padova,totale_casi_provincia,0.0,0.0,36795
Roma,totale_casi_provincia,0.0,0.0,105079
Perugia,totale_casi_provincia,0.0,0.0,19418
Sardegna,totale_positivi,0.0,0.0,15484
Pisa,totale_casi_provincia,0.0,0.0,15854
Molise,deceduti,0.0,0.0,168
Puglia,terapia_intensiva,0.0,0.0,185
Chieti,totale_casi_provincia,0.0,0.0,6351
Fuori Regione / Provincia Autonoma,totale_casi_provincia,0.0,0.0,267,313,358,0,1877,517,1812,1155,4761,1214,52,0,0,997,455,0,0,555,1089,90,3221
Pavia,totale_casi_provincia,0.0,0.0,22666
Marche,totale_positivi,0.0,0.0,11131
Sardegna,totale_ospedalizzati,0.0,0.0,607
P.A. Bolzano,tamponi,0.0,0.0,
Nuoro,totale_casi_provincia,0.0,0.0,5416
Macerata,totale_casi_provincia,0.0,0.0,7941
Veneto,totale_casi,0.0,0.0,
Sicilia,totale_ospedalizzati,0.0,0.0,1371
Valle d'Aosta,totale_ospedalizzati,0.0,0.0,74
P.A. Bolzano,deceduti,0.0,0.0,668
Bolzano,totale_casi_provincia,0.0,0.0,27225
Aosta,totale_casi_provincia,0.0,0.0,6853
Ancona,totale_casi_provincia,0.0,0.0,9985
Grosseto,totale_casi_provincia,0.0,0.0,3943
Vicenza,totale_casi_provincia,0.0,0.0,35161
L'Aquila,totale_casi_provincia,0.0,0.0,10432
Calabria,totale_positivi,0.0,0.0,8882
Campania,totale_casi,0.0,0.0,
Calabria,ricoverati_con_sintomi,0.0,0.0,318
Valle d'Aosta,totale_casi,0.0,0.0,
Vibo Valentia,totale_casi_provincia,0.0,0.0,1172
Bologna,totale_casi_provincia,0.0,0.0,32911
Liguria,totale_positivi,0.0,0.0,8029
Rovigo,totale_casi_provincia,0.0,0.0,5651
Valle d'Aosta,totale_positivi,0.0,0.0,523
Belluno,totale_casi_provincia,0.0,0.0,11933
Catanzaro,totale_casi_provincia,0.0,0.0,2882
Trento,totale_casi_provincia,0.0,0.0,19090
Imperia,totale_casi_provincia,0.0,0.0,5953
Molise,totale_ospedalizzati,0.0,0.0,68
Emilia-Romagna,terapia_intensiva,0.0,0.0,212
Abruzzo,terapia_intensiva,0.0,0.0,56
Sud Sardegna,totale_casi_provincia,0.0,0.0,4261
Campania,ricoverati_con_sintomi,0.0,0.0,1701
Reggio nell'Emilia,totale_casi_provincia,0.0,0.0,20970
Rieti,totale_casi_provincia,0.0,0.0,4427
Marche,totale_casi,0.0,0.0,
Abruzzo,deceduti,0.0,0.0,1084
Toscana,terapia_intensiva,0.0,0.0,202
Napoli,totale_casi_provincia,0.0,0.0,108421
Parma,totale_casi_provincia,0.0,0.0,11603
P.A. Trento,ricoverati_con_sintomi,0.0,0.0,414
Sardegna,deceduti,0.0,0.0,623
Palermo,totale_casi_provincia,0.0,0.0,22757
Latina,totale_casi_provincia,0.0,0.0,12164
Lazio,totale_positivi,0.0,0.0,81267
Lombardia,deceduti,0.0,0.0,24097
Piemonte,terapia_intensiva,0.0,0.0,257
Toscana,ricoverati_con_sintomi,0.0,0.0,1101
Monza e della Brianza,totale_casi_provincia,0.0,0.0,46300
Basilicata,ricoverati_con_sintomi,0.0,0.0,109
Campania,terapia_intensiva,0.0,0.0,124
Emilia-Romagna,tamponi,0.0,0.0,
Liguria,deceduti,0.0,0.0,2705
Isernia,totale_casi_provincia,0.0,0.0,2080
Biella,totale_casi_provincia,0.0,0.0,6521
Teramo,totale_casi_provincia,0.0,0.0,8793
Trapani,totale_casi_provincia,0.0,0.0,5382
Molise,totale_positivi,0.0,0.0,2664
Ravenna,totale_casi_provincia,0.0,0.0,10598
Marche,isolamento_domiciliare,0.0,0.0,10608
P.A. Trento,terapia_intensiva,0.0,0.0,50
Umbria,totale_positivi,0.0,0.0,4323
Genova,totale_casi_provincia,0.0,0.0,33132
Sardegna,terapia_intensiva,0.0,0.0,57
Abruzzo,totale_casi,0.0,0.0,
Molise,totale_casi,0.0,0.0,
Agrigento,totale_casi_provincia,0.0,0.0,3489
Basilicata,isolamento_domiciliare,0.0,0.0,5918
Gorizia,totale_casi_provincia,0.0,0.0,5023
Sicilia,totale_casi,0.0,0.0,
Como,totale_casi_provincia,0.0,0.0,31771
Salerno,totale_casi_provincia,0.0,0.0,23010
Frosinone,totale_casi_provincia,0.0,0.0,12029
Verbano-Cusio-Ossola,totale_casi_provincia,0.0,0.0,6302
Veneto,deceduti,0.0,0.0,5069
Calabria,isolamento_domiciliare,0.0,0.0,8542
Abruzzo,totale_positivi,0.0,0.0,13986
Friuli Venezia Giulia,totale_positivi,0.0,0.0,13751
Umbria,isolamento_domiciliare,0.0,0.0,4006
Milano,totale_casi_provincia,0.0,0.0,164820
Toscana,totale_casi,0.0,0.0,
Basilicata,totale_positivi,0.0,0.0,6038
Oristano,totale_casi_provincia,0.0,0.0,2153
Basilicata,deceduti,0.0,0.0,212
Marche,totale_ospedalizzati,0.0,0.0,523
Molise,tamponi,0.0,0.0,
Campania,deceduti,0.0,0.0,2424
Caltanissetta,totale_casi_provincia,0.0,0.0,3269
Varese,totale_casi_provincia,0.0,0.0,48294
Foggia,totale_casi_provincia,0.0,0.0,16952
Catania,totale_casi_provincia,0.0,0.0,24073
Prato,totale_casi_provincia,0.0,0.0,9945
Friuli Venezia Giulia,totale_casi,0.0,0.0,
Pescara,totale_casi_provincia,0.0,0.0,6629
Marche,tamponi,0.0,0.0,
Molise,ricoverati_con_sintomi,0.0,0.0,58
Friuli Venezia Giulia,totale_ospedalizzati,0.0,0.0,688
Piemonte,totale_positivi,0.0,0.0,48103
Lecce,totale_casi_provincia,0.0,0.0,5955
Basilicata,totale_casi,0.0,0.0,
Bari,totale_casi_provincia,0.0,0.0,29101
Piemonte,ricoverati_con_sintomi,0.0,0.0,3698
Umbria,totale_ospedalizzati,0.0,0.0,317
Arezzo,totale_casi_provincia,0.0,0.0,10116
Marche,terapia_intensiva,0.0,0.0,75
Puglia,totale_casi,0.0,0.0,
Liguria,tamponi,0.0,0.0,
Calabria,tamponi,0.0,0.0,
Toscana,isolamento_domiciliare,0.0,0.0,13732
Avellino,totale_casi_provincia,0.0,0.0,8281
Rimini,totale_casi_provincia,0.0,0.0,12176
Lodi,totale_casi_provincia,0.0,0.0,9913
Sardegna,totale_casi,0.0,0.0,
Umbria,terapia_intensiva,0.0,0.0,47
In fase di definizione/aggiornamento,totale_casi_provincia,0.0,0.0,158,0,0,42,831,0,21,1816,7938,0,0,0,0,1583,71,0,0,0,0,0,434
Benevento,totale_casi_provincia,0.0,0.0,4298
Ferrara,totale_casi_provincia,0.0,0.0,7585
Piemonte,totale_ospedalizzati,0.0,0.0,3955
Puglia,totale_ospedalizzati,0.0,0.0,1683
Campania,isolamento_domiciliare,0.0,0.0,86379
Umbria,totale_casi,0.0,0.0,
Sassari,totale_casi_provincia,0.0,0.0,9418
Marche,ricoverati_con_sintomi,0.0,0.0,448
Calabria,totale_casi,0.0,0.0,
Lazio,deceduti,0.0,0.0,3099
Puglia,totale_positivi,0.0,0.0,52850
Barletta-Andria-Trani,totale_casi_provincia,0.0,0.0,8866
Lombardia,ricoverati_con_sintomi,0.0,0.0,4946
Puglia,deceduti,0.0,0.0,2057
Abruzzo,isolamento_domiciliare,0.0,0.0,13331
Lucca,totale_casi_provincia,0.0,0.0,11612
Sardegna,isolamento_domiciliare,0.0,0.0,14877
Cosenza,totale_casi_provincia,0.0,0.0,6450
Cremona,totale_casi_provincia,0.0,0.0,13782
Molise,terapia_intensiva,0.0,0.0,10
Sicilia,totale_positivi,0.0,0.0,35176
Sicilia,isolamento_domiciliare,0.0,0.0,33805
Udine,totale_casi_provincia,0.0,0.0,18738
Umbria,deceduti,0.0,0.0,541
Sardegna,tamponi,0.0,0.0,
Lazio,isolamento_domiciliare,0.0,0.0,78093
Novara,totale_casi_provincia,0.0,0.0,14659
Liguria,ricoverati_con_sintomi,0.0,0.0,755
Umbria,ricoverati_con_sintomi,0.0,0.0,270
Enna,totale_casi_provincia,0.0,0.0,2893
Siena,totale_casi_provincia,0.0,0.0,4600
Emilia-Romagna,isolamento_domiciliare,0.0,0.0,59861
Piacenza,totale_casi_provincia,0.0,0.0,13411
Lazio,terapia_intensiva,0.0,0.0,305
Valle d'Aosta,deceduti,0.0,0.0,360
Sondrio,totale_casi_provincia,0.0,0.0,7787
Veneto,ricoverati_con_sintomi,0.0,0.0,2698
Puglia,ricoverati_con_sintomi,0.0,0.0,1498
Vercelli,totale_casi_provincia,0.0,0.0,7097
Valle d'Aosta,isolamento_domiciliare,0.0,0.0,449
Torino,totale_casi_provincia,0.0,0.0,99400
Caserta,totale_casi_provincia,0.0,0.0,32548
Friuli Venezia Giulia,deceduti,0.0,0.0,1339
Molise,isolamento_domiciliare,0.0,0.0,2596
Bergamo,totale_casi_provincia,0.0,0.0,26934
Campobasso,totale_casi_provincia,0.0,0.0,3651
Piemonte,deceduti,0.0,0.0,7302
P.A. Bolzano,terapia_intensiva,0.0,0.0,22
Liguria,totale_casi,0.0,0.0,
P.A. Trento,totale_ospedalizzati,0.0,0.0,464
Ragusa,totale_casi_provincia,0.0,0.0,6362
Sicilia,terapia_intensiva,0.0,0.0,183
Mantova,totale_casi_provincia,0.0,0.0,14275
Lazio,tamponi,0.0,0.0,
Matera,totale_casi_provincia,0.0,0.0,3286
Puglia,isolamento_domiciliare,0.0,0.0,51167
P.A. Trento,deceduti,0.0,0.0,808
Calabria,deceduti,0.0,0.0,403
Emilia-Romagna,totale_ospedalizzati,0.0,0.0,2985
P.A. Trento,totale_positivi,0.0,0.0,2802
Campania,tamponi,0.0,0.0,
Toscana,totale_positivi,0.0,0.0,15035
Lombardia,terapia_intensiva,0.0,0.0,629
Alessandria,totale_casi_provincia,0.0,0.0,16596
Livorno,totale_casi_provincia,0.0,0.0,7937
Terni,totale_casi_provincia,0.0,0.0,6080
Sicilia,deceduti,0.0,0.0,2059
Treviso,totale_casi_provincia,0.0,0.0,38863
Calabria,terapia_intensiva,0.0,0.0,22
Basilicata,tamponi,0.0,0.0,
Sicilia,tamponi,0.0,0.0,
Piemonte,isolamento_domiciliare,0.0,0.0,44148
Pesaro e Urbino,totale_casi_provincia,0.0,0.0,7708
Friuli Venezia Giulia,ricoverati_con_sintomi,0.0,0.0,634
P.A. Bolzano,isolamento_domiciliare,0.0,0.0,10429
Sardegna,ricoverati_con_sintomi,0.0,0.0,550
P.A. Bolzano,totale_casi,0.0,0.0,
Marche,deceduti,0.0,0.0,1437
Viterbo,totale_casi_provincia,0.0,0.0,7838
Emilia-Romagna,ricoverati_con_sintomi,0.0,0.0,2773
Lombardia,tamponi,0.0,0.0,
Veneto,totale_positivi,0.0,0.0,94225
P.A. Bolzano,ricoverati_con_sintomi,0.0,0.0,203
Cuneo,totale_casi_provincia,0.0,0.0,26074
Campania,totale_ospedalizzati,0.0,0.0,1825
Veneto,tamponi,0.0,0.0,
Modena,totale_casi_provincia,0.0,0.0,26739
Trieste,totale_casi_provincia,0.0,0.0,9116
La Spezia,totale_casi_provincia,0.0,0.0,7611
P.A. Bolzano,totale_ospedalizzati,0.0,0.0,225
Forl√¨-Cesena,totale_casi_provincia,0.0,0.0,10093
Messina,totale_casi_provincia,0.0,0.0,8388
Lazio,ricoverati_con_sintomi,0.0,0.0,2869
Abruzzo,ricoverati_con_sintomi,0.0,0.0,599
Toscana,tamponi,0.0,0.0,
Crotone,totale_casi_provincia,0.0,0.0,2050
Lazio,totale_ospedalizzati,0.0,0.0,3174
Basilicata,totale_ospedalizzati,0.0,0.0,120
Basilicata,terapia_intensiva,0.0,0.0,11
P.A. Trento,tamponi,0.0,0.0,
Liguria,isolamento_domiciliare,0.0,0.0,7203
Lombardia,totale_casi,0.0,0.0,
Ascoli Piceno,totale_casi_provincia,0.0,0.0,4728
Calabria,totale_ospedalizzati,0.0,0.0,340
Taranto,totale_casi_provincia,0.0,0.0,9009
Brescia,totale_casi_provincia,0.0,0.0,38333
Emilia-Romagna,totale_positivi,0.0,0.0,62846
Pistoia,totale_casi_provincia,0.0,0.0,10062
Pordenone,totale_casi_provincia,0.0,0.0,8705
Puglia,tamponi,0.0,0.0,
Friuli Venezia Giulia,tamponi,0.0,0.0,
